name,primary_wish,backup_wish,favorite_color,color_count,gift_complexity,workshop_assignment
Abagail,Building sets,LEGO blocks,Blue,1,Complex Gift,Learning Workshop
Abbey,Yo-yos,Building blocks,Blue,5,Simple Gift,General Workshop
Abbey,Toy trains,Toy trains,Pink,2,Complex Gift,General Workshop
Abbey,Stuffed animals,Teddy bears,White,4,Complex Gift,General Workshop
Abbey,Barbie dolls,Play-Doh,Purple,1,Moderate Gift,General Workshop
Abby,Yo-yos,Jigsaw puzzles,Yellow,3,Simple Gift,General Workshop
Abdiel,Toy musical instruments,LEGO blocks,Brown,2,Complex Gift,Learning Workshop
Abdiel,Dollhouses,Toy trucks,White,3,Complex Gift,General Workshop
Abdul,Teddy bears,Play-Doh,White,3,Complex Gift,General Workshop
Abdullah,Stuffed animals,Rubiks cubes,White,4,Complex Gift,General Workshop
Abdullah,Toy musical instruments,Toy musical instruments,Brown,4,Complex Gift,Learning Workshop
Abel,Rubiks cubes,Building sets,Green,4,Complex Gift,Learning Workshop
Abelardo,Toy trucks,Action figures,Red,5,Moderate Gift,General Workshop
Abelardo,Toy kitchen sets,Teddy bears,Pink,1,Complex Gift,General Workshop
Abner,Action figures,Rubiks cubes,White,1,Complex Gift,General Workshop
Abner,Board games,Teddy bears,Blue,2,Complex Gift,General Workshop
Abner,LEGO blocks,Jump ropes,White,2,Complex Gift,Learning Workshop
Adalberto,LEGO blocks,Toy trucks,Brown,1,Complex Gift,Learning Workshop
Adaline,Stuffed animals,LEGO blocks,Purple,3,Complex Gift,General Workshop
Adaline,Building sets,Teddy bears,White,1,Complex Gift,Learning Workshop
Adelbert,Action figures,Hula hoops,Black,4,Complex Gift,General Workshop
Adelbert,Toy kitchen sets,Building sets,Orange,1,Complex Gift,General Workshop
Adelbert,Dollhouses,Action figures,Blue,3,Complex Gift,General Workshop
Adelbert,Remote control cars,Yo-yos,Blue,2,Complex Gift,General Workshop
Adelbert,Teddy bears,Toy kitchen sets,Green,3,Complex Gift,General Workshop
Adelbert,Jigsaw puzzles,Board games,Red,4,Moderate Gift,Learning Workshop
Adelbert,Hula hoops,Hula hoops,Black,1,Simple Gift,Outside Workshop
Adolf,Barbie dolls,Toy musical instruments,Orange,4,Moderate Gift,General Workshop
Adolf,Building sets,Stuffed animals,Orange,5,Complex Gift,Learning Workshop
Adolf,Hula hoops,Yo-yos,Blue,4,Simple Gift,Outside Workshop
Adolf,Toy kitchen sets,LEGO blocks,Purple,5,Complex Gift,General Workshop
Adolf,Jump ropes,Toy trains,Purple,2,Simple Gift,Outside Workshop
Adrain,Hula hoops,Jump ropes,White,5,Simple Gift,Outside Workshop
Adrianna,Toy musical instruments,Toy musical instruments,Yellow,2,Complex Gift,Learning Workshop
Adrianna,Jump ropes,Dollhouses,Brown,3,Simple Gift,Outside Workshop
Adriel,Jigsaw puzzles,Building sets,Green,1,Moderate Gift,Learning Workshop
Adriel,Play-Doh,Barbie dolls,Blue,4,Simple Gift,Learning Workshop
Adriel,Dollhouses,Toy kitchen sets,Yellow,1,Complex Gift,General Workshop
Adriel,Board games,Toy trains,Brown,4,Complex Gift,General Workshop
Agustin,Rubiks cubes,Yo-yos,Orange,4,Complex Gift,Learning Workshop
Agustin,Teddy bears,Play-Doh,Orange,5,Complex Gift,General Workshop
Agustin,Jump ropes,LEGO blocks,Black,5,Simple Gift,Outside Workshop
Agustin,Play-Doh,Play-Doh,Red,4,Simple Gift,Learning Workshop
Akeem,Rubiks cubes,LEGO blocks,Red,2,Complex Gift,Learning Workshop
Akeem,Toy kitchen sets,Jigsaw puzzles,Blue,2,Complex Gift,General Workshop
Akeem,Board games,Stuffed animals,Black,5,Complex Gift,General Workshop
Akeem,Stuffed animals,Yo-yos,Yellow,3,Complex Gift,General Workshop
Akeem,Hula hoops,Yo-yos,Blue,4,Simple Gift,Outside Workshop
Alana,Toy musical instruments,Board games,Green,5,Complex Gift,Learning Workshop
Alana,Yo-yos,Hula hoops,Green,5,Simple Gift,General Workshop
Alana,Toy musical instruments,Barbie dolls,Pink,4,Complex Gift,Learning Workshop
Alberta,Jump ropes,Dollhouses,Green,1,Simple Gift,Outside Workshop
Alberta,Dollhouses,Toy trains,Blue,3,Complex Gift,General Workshop
Alberta,Toy trucks,Building blocks,Black,3,Moderate Gift,General Workshop
Alda,Building sets,Yo-yos,Red,3,Complex Gift,Learning Workshop
Alessandra,Action figures,Jigsaw puzzles,Purple,1,Complex Gift,General Workshop
Alessia,Barbie dolls,Rubiks cubes,Purple,4,Moderate Gift,General Workshop
Alexandria,Building blocks,Building blocks,White,2,Moderate Gift,Learning Workshop
Alexandro,Action figures,Teddy bears,Green,1,Complex Gift,General Workshop
Alexandro,Dollhouses,Barbie dolls,White,5,Complex Gift,General Workshop
Alexane,Yo-yos,Stuffed animals,Purple,5,Simple Gift,General Workshop
Alia,Teddy bears,Toy kitchen sets,Purple,2,Complex Gift,General Workshop
Alisa,Building sets,Action figures,Blue,2,Complex Gift,Learning Workshop
Alison,Play-Doh,Jump ropes,White,5,Simple Gift,Learning Workshop
Alivia,Toy musical instruments,Toy kitchen sets,Yellow,1,Complex Gift,Learning Workshop
Alivia,Barbie dolls,Toy musical instruments,Green,5,Moderate Gift,General Workshop
Aliya,Building sets,Yo-yos,Pink,3,Complex Gift,Learning Workshop
Aliya,Dollhouses,Teddy bears,Blue,4,Complex Gift,General Workshop
Allen,Toy kitchen sets,Toy kitchen sets,Pink,4,Complex Gift,General Workshop
Allen,Toy trucks,Teddy bears,Red,5,Moderate Gift,General Workshop
Alta,Yo-yos,Building sets,White,2,Simple Gift,General Workshop
Althea,Remote control cars,Play-Doh,White,1,Complex Gift,General Workshop
Althea,Play-Doh,Toy trucks,Red,1,Simple Gift,Learning Workshop
Alvah,Jigsaw puzzles,Building blocks,Yellow,2,Moderate Gift,Learning Workshop
Alvah,Hula hoops,Play-Doh,Yellow,2,Simple Gift,Outside Workshop
Alvis,Stuffed animals,Yo-yos,Orange,1,Complex Gift,General Workshop
Alyce,LEGO blocks,Jump ropes,Brown,2,Complex Gift,Learning Workshop
Alyce,Toy trains,Toy musical instruments,White,5,Complex Gift,General Workshop
Alyce,Play-Doh,Board games,Pink,5,Simple Gift,Learning Workshop
Alyson,Hula hoops,Board games,Brown,1,Simple Gift,Outside Workshop
Amara,Play-Doh,Play-Doh,Brown,3,Simple Gift,Learning Workshop
Amari,Hula hoops,Toy kitchen sets,Orange,1,Simple Gift,Outside Workshop
Amely,Toy musical instruments,LEGO blocks,Blue,5,Complex Gift,Learning Workshop
Amie,Toy kitchen sets,Yo-yos,White,5,Complex Gift,General Workshop
Amina,Building blocks,Teddy bears,Black,1,Moderate Gift,Learning Workshop
Anahi,Stuffed animals,LEGO blocks,Green,1,Complex Gift,General Workshop
Anahi,Building blocks,Building sets,Green,4,Moderate Gift,Learning Workshop
Anastasia,Toy kitchen sets,Barbie dolls,White,3,Complex Gift,General Workshop
Angelina,Jump ropes,Toy trucks,Green,3,Simple Gift,Outside Workshop
Angelita,Toy kitchen sets,Toy trains,Orange,4,Complex Gift,General Workshop
Angelita,Toy trucks,Jump ropes,Blue,1,Moderate Gift,General Workshop
Angelita,Jigsaw puzzles,Hula hoops,Orange,2,Moderate Gift,Learning Workshop
Angelita,Toy musical instruments,Building sets,Red,1,Complex Gift,Learning Workshop
Angus,Toy musical instruments,Barbie dolls,Orange,5,Complex Gift,Learning Workshop
Anissa,Building blocks,Action figures,White,3,Moderate Gift,Learning Workshop
Anissa,Rubiks cubes,Board games,Black,2,Complex Gift,Learning Workshop
Anna,Play-Doh,Building sets,Red,3,Simple Gift,Learning Workshop
Anna,Stuffed animals,Board games,Red,5,Complex Gift,General Workshop
Anna,Action figures,Action figures,Black,3,Complex Gift,General Workshop
Annamarie,Play-Doh,Barbie dolls,White,5,Simple Gift,Learning Workshop
Ansley,Toy trains,Toy trucks,White,1,Complex Gift,General Workshop
Ansley,Toy trains,Play-Doh,White,2,Complex Gift,General Workshop
Antonette,Stuffed animals,Barbie dolls,Purple,2,Complex Gift,General Workshop
Anya,Jump ropes,LEGO blocks,Orange,3,Simple Gift,Outside Workshop
Anya,Toy trains,Remote control cars,White,4,Complex Gift,General Workshop
Anya,Jigsaw puzzles,Yo-yos,Purple,5,Moderate Gift,Learning Workshop
Anya,Play-Doh,Stuffed animals,Yellow,3,Simple Gift,Learning Workshop
Anya,Rubiks cubes,Toy musical instruments,Blue,2,Complex Gift,Learning Workshop
April,Action figures,Building blocks,Blue,2,Complex Gift,General Workshop
April,Barbie dolls,Play-Doh,Yellow,2,Moderate Gift,General Workshop
April,Jump ropes,Teddy bears,Green,2,Simple Gift,Outside Workshop
Arielle,Teddy bears,Toy trucks,Purple,5,Complex Gift,General Workshop
Arnaldo,Jigsaw puzzles,Action figures,Purple,3,Moderate Gift,Learning Workshop
Arvel,Toy trucks,Stuffed animals,Red,4,Moderate Gift,General Workshop
Arvel,Jump ropes,Teddy bears,Black,2,Simple Gift,Outside Workshop
Aryanna,Rubiks cubes,Stuffed animals,Black,1,Complex Gift,Learning Workshop
Ashlee,Toy trains,Building blocks,Orange,1,Complex Gift,General Workshop
Ashlee,Play-Doh,Stuffed animals,Purple,5,Simple Gift,Learning Workshop
Ashlee,Action figures,Toy kitchen sets,Blue,4,Complex Gift,General Workshop
Ashtyn,Play-Doh,Toy trains,Pink,2,Simple Gift,Learning Workshop
Assunta,Rubiks cubes,Remote control cars,Green,1,Complex Gift,Learning Workshop
Aubree,Play-Doh,Jigsaw puzzles,Purple,5,Simple Gift,Learning Workshop
Aubree,Teddy bears,Jigsaw puzzles,Brown,5,Complex Gift,General Workshop
Aubree,Toy trains,Building blocks,Brown,3,Complex Gift,General Workshop
Audie,Building blocks,Remote control cars,Red,5,Moderate Gift,Learning Workshop
Aurelia,Jump ropes,Remote control cars,White,4,Simple Gift,Outside Workshop
Aurelia,Jigsaw puzzles,LEGO blocks,White,2,Moderate Gift,Learning Workshop
Austen,Toy musical instruments,Action figures,Black,1,Complex Gift,Learning Workshop
Austen,Board games,Barbie dolls,Yellow,4,Complex Gift,General Workshop
Austyn,Teddy bears,Jump ropes,Pink,1,Complex Gift,General Workshop
Austyn,Hula hoops,Yo-yos,Yellow,3,Simple Gift,Outside Workshop
Austyn,Building blocks,Toy musical instruments,Blue,1,Moderate Gift,Learning Workshop
Axel,Yo-yos,LEGO blocks,Green,3,Simple Gift,General Workshop
Ayden,Rubiks cubes,Action figures,Purple,5,Complex Gift,Learning Workshop
Bailee,Toy trucks,Play-Doh,Red,4,Moderate Gift,General Workshop
Baron,Teddy bears,Play-Doh,Red,3,Complex Gift,General Workshop
Baron,Dollhouses,Teddy bears,Pink,5,Complex Gift,General Workshop
Baron,Dollhouses,Jigsaw puzzles,Pink,5,Complex Gift,General Workshop
Bartholome,Teddy bears,Toy trucks,Black,1,Complex Gift,General Workshop
Bartholome,Stuffed animals,Barbie dolls,Red,2,Complex Gift,General Workshop
Barton,Rubiks cubes,Toy musical instruments,Pink,1,Complex Gift,Learning Workshop
Barton,Toy trucks,Rubiks cubes,Black,4,Moderate Gift,General Workshop
Berniece,Remote control cars,Building blocks,Red,2,Complex Gift,General Workshop
Berniece,Barbie dolls,Dollhouses,Blue,3,Moderate Gift,General Workshop
Berry,Action figures,LEGO blocks,Orange,3,Complex Gift,General Workshop
Berry,Barbie dolls,Rubiks cubes,Black,1,Moderate Gift,General Workshop
Bertha,Jigsaw puzzles,Toy trucks,Orange,5,Moderate Gift,Learning Workshop
Bertha,Dollhouses,Dollhouses,Red,3,Complex Gift,General Workshop
Bertha,Building blocks,Building blocks,Red,5,Moderate Gift,Learning Workshop
Bertha,Jump ropes,Toy trains,Pink,1,Simple Gift,Outside Workshop
Beryl,Rubiks cubes,Jump ropes,Purple,1,Complex Gift,Learning Workshop
Beryl,Barbie dolls,Yo-yos,Brown,1,Moderate Gift,General Workshop
Beulah,LEGO blocks,Rubiks cubes,Brown,1,Complex Gift,Learning Workshop
Beulah,Barbie dolls,Jump ropes,Pink,3,Moderate Gift,General Workshop
Beverly,Toy trains,Toy musical instruments,Pink,2,Complex Gift,General Workshop
Billie,Toy trains,Building sets,Purple,2,Complex Gift,General Workshop
Bo,Building blocks,Play-Doh,Yellow,2,Moderate Gift,Learning Workshop
Boris,Action figures,Board games,Orange,4,Complex Gift,General Workshop
Boris,Dollhouses,Barbie dolls,Yellow,3,Complex Gift,General Workshop
Brandi,Play-Doh,Toy kitchen sets,Brown,5,Simple Gift,Learning Workshop
Breanne,Toy musical instruments,Toy trains,Purple,3,Complex Gift,Learning Workshop
Breanne,LEGO blocks,Rubiks cubes,Pink,1,Complex Gift,Learning Workshop
Brenden,Jigsaw puzzles,Yo-yos,Purple,1,Moderate Gift,Learning Workshop
Brenden,Toy musical instruments,Play-Doh,Pink,2,Complex Gift,Learning Workshop
Broderick,Toy kitchen sets,Hula hoops,Black,1,Complex Gift,General Workshop
Brown,Teddy bears,Building sets,Green,1,Complex Gift,General Workshop
Bryana,Hula hoops,Jigsaw puzzles,Blue,1,Simple Gift,Outside Workshop
Brycen,Building sets,Rubiks cubes,Brown,1,Complex Gift,Learning Workshop
Brycen,Yo-yos,Action figures,Brown,4,Simple Gift,General Workshop
Buck,Barbie dolls,Stuffed animals,Pink,1,Moderate Gift,General Workshop
Buck,Play-Doh,Toy trucks,Purple,1,Simple Gift,Learning Workshop
Buford,Dollhouses,Rubiks cubes,Orange,2,Complex Gift,General Workshop
Cade,Rubiks cubes,Toy kitchen sets,Orange,5,Complex Gift,Learning Workshop
Caitlyn,Toy musical instruments,Hula hoops,Orange,3,Complex Gift,Learning Workshop
Camren,LEGO blocks,Toy musical instruments,Blue,1,Complex Gift,Learning Workshop
Camren,Action figures,Toy trains,Brown,4,Complex Gift,General Workshop
Camren,Toy kitchen sets,Toy musical instruments,Green,2,Complex Gift,General Workshop
Camylle,Barbie dolls,Jump ropes,Blue,4,Moderate Gift,General Workshop
Camylle,Action figures,Barbie dolls,White,1,Complex Gift,General Workshop
Camylle,Jigsaw puzzles,Board games,Red,4,Moderate Gift,Learning Workshop
Candice,Teddy bears,Stuffed animals,White,5,Complex Gift,General Workshop
Candice,Remote control cars,Barbie dolls,Brown,3,Complex Gift,General Workshop
Candice,Building sets,Action figures,Green,2,Complex Gift,Learning Workshop
Carley,Toy kitchen sets,Barbie dolls,Yellow,2,Complex Gift,General Workshop
Carley,Board games,Jump ropes,Yellow,4,Complex Gift,General Workshop
Carley,Teddy bears,Hula hoops,White,5,Complex Gift,General Workshop
Carlie,Stuffed animals,Jump ropes,White,5,Complex Gift,General Workshop
Carlie,Toy trucks,Yo-yos,Pink,5,Moderate Gift,General Workshop
Carlie,Toy kitchen sets,LEGO blocks,Brown,5,Complex Gift,General Workshop
Carmella,Jigsaw puzzles,Toy trains,Green,5,Moderate Gift,Learning Workshop
Carmella,Yo-yos,Toy trucks,Purple,4,Simple Gift,General Workshop
Carmella,Toy trains,Toy trains,Brown,4,Complex Gift,General Workshop
Carolanne,Action figures,Yo-yos,Brown,4,Complex Gift,General Workshop
Carole,Toy musical instruments,Jump ropes,Yellow,4,Complex Gift,Learning Workshop
Carson,Hula hoops,LEGO blocks,Yellow,4,Simple Gift,Outside Workshop
Carter,Barbie dolls,Rubiks cubes,Pink,2,Moderate Gift,General Workshop
Casey,Jigsaw puzzles,Board games,Brown,4,Moderate Gift,Learning Workshop
Casey,Remote control cars,Dollhouses,Brown,1,Complex Gift,General Workshop
Casey,Building sets,Play-Doh,Brown,5,Complex Gift,Learning Workshop
Casey,Building blocks,Barbie dolls,Black,4,Moderate Gift,Learning Workshop
Casimir,Jigsaw puzzles,Hula hoops,Purple,2,Moderate Gift,Learning Workshop
Cathy,Toy musical instruments,Building sets,Purple,5,Complex Gift,Learning Workshop
Cathy,Stuffed animals,Play-Doh,Pink,1,Complex Gift,General Workshop
Cayla,Hula hoops,Remote control cars,Brown,1,Simple Gift,Outside Workshop
Ceasar,Yo-yos,Remote control cars,Orange,3,Simple Gift,General Workshop
Chad,Toy trucks,LEGO blocks,White,1,Moderate Gift,General Workshop
Chad,LEGO blocks,Jigsaw puzzles,Brown,1,Complex Gift,Learning Workshop
Chance,Hula hoops,Building sets,Brown,4,Simple Gift,Outside Workshop
Chance,Toy trains,Hula hoops,Pink,4,Complex Gift,General Workshop
Chanelle,Board games,Hula hoops,Yellow,1,Complex Gift,General Workshop
Chanelle,Building sets,Dollhouses,Green,3,Complex Gift,Learning Workshop
Chanelle,Play-Doh,Play-Doh,Orange,3,Simple Gift,Learning Workshop
Charity,Dollhouses,Toy trains,White,2,Complex Gift,General Workshop
Chester,Toy musical instruments,Yo-yos,White,1,Complex Gift,Learning Workshop
Chris,Jigsaw puzzles,Board games,Yellow,4,Moderate Gift,Learning Workshop
Chris,Rubiks cubes,Toy trucks,Red,1,Complex Gift,Learning Workshop
Chris,Rubiks cubes,LEGO blocks,Pink,3,Complex Gift,Learning Workshop
Christa,Remote control cars,Teddy bears,Green,3,Complex Gift,General Workshop
Christa,Action figures,Jigsaw puzzles,Purple,1,Complex Gift,General Workshop
Christa,Jump ropes,Stuffed animals,Yellow,5,Simple Gift,Outside Workshop
Christa,Toy trains,Play-Doh,Black,4,Complex Gift,General Workshop
Christa,Toy musical instruments,Action figures,Blue,4,Complex Gift,Learning Workshop
Christine,Building blocks,Toy trucks,Purple,4,Moderate Gift,Learning Workshop
Christine,Building sets,Action figures,Yellow,4,Complex Gift,Learning Workshop
Christophe,Action figures,Hula hoops,Blue,5,Complex Gift,General Workshop
Claire,Play-Doh,Toy trucks,Green,4,Simple Gift,Learning Workshop
Clemens,Remote control cars,Building blocks,Black,2,Complex Gift,General Workshop
Clemens,Jigsaw puzzles,Hula hoops,Brown,1,Moderate Gift,Learning Workshop
Clemens,Barbie dolls,Jigsaw puzzles,Black,5,Moderate Gift,General Workshop
Cleora,Toy trucks,Toy trucks,Pink,1,Moderate Gift,General Workshop
Cleora,Toy trucks,Remote control cars,Black,3,Moderate Gift,General Workshop
Cleveland,Teddy bears,Building sets,White,4,Complex Gift,General Workshop
Cleveland,Board games,Board games,Brown,1,Complex Gift,General Workshop
Cloyd,Yo-yos,LEGO blocks,Orange,1,Simple Gift,General Workshop
Cody,Dollhouses,Building sets,Green,2,Complex Gift,General Workshop
Colby,LEGO blocks,Play-Doh,Brown,2,Complex Gift,Learning Workshop
Colby,Rubiks cubes,Toy kitchen sets,Yellow,3,Complex Gift,Learning Workshop
Colin,Toy trains,Remote control cars,White,2,Complex Gift,General Workshop
Conner,Dollhouses,LEGO blocks,Brown,3,Complex Gift,General Workshop
Cora,Toy trucks,Building sets,Pink,1,Moderate Gift,General Workshop
Cordia,Rubiks cubes,Play-Doh,White,5,Complex Gift,Learning Workshop
Cornell,Board games,Stuffed animals,Pink,3,Complex Gift,General Workshop
Cortez,Toy musical instruments,Building sets,Orange,4,Complex Gift,Learning Workshop
Cortez,Action figures,Jigsaw puzzles,Red,5,Complex Gift,General Workshop
Cortez,LEGO blocks,Stuffed animals,Black,4,Complex Gift,Learning Workshop
Cortez,Board games,Toy musical instruments,Black,4,Complex Gift,General Workshop
Cruz,Building sets,Remote control cars,Orange,5,Complex Gift,Learning Workshop
Cydney,Building blocks,LEGO blocks,Red,5,Moderate Gift,Learning Workshop
Cydney,Toy kitchen sets,LEGO blocks,Green,2,Complex Gift,General Workshop
Cyril,Toy trains,Stuffed animals,Purple,4,Complex Gift,General Workshop
Cyril,Board games,Remote control cars,Pink,5,Complex Gift,General Workshop
Dallas,Remote control cars,Toy trucks,Brown,3,Complex Gift,General Workshop
Dallas,Building sets,Building blocks,Orange,1,Complex Gift,Learning Workshop
Dallas,Jump ropes,Play-Doh,Purple,4,Simple Gift,Outside Workshop
Dallin,Rubiks cubes,Yo-yos,Green,2,Complex Gift,Learning Workshop
Dalton,Toy musical instruments,Stuffed animals,Yellow,1,Complex Gift,Learning Workshop
Damion,Yo-yos,Jigsaw puzzles,Black,3,Simple Gift,General Workshop
Damion,Action figures,Building sets,Pink,1,Complex Gift,General Workshop
Dannie,Yo-yos,Yo-yos,Yellow,1,Simple Gift,General Workshop
Dario,Yo-yos,Hula hoops,Orange,1,Simple Gift,General Workshop
Darlene,Rubiks cubes,Jump ropes,Brown,4,Complex Gift,Learning Workshop
Darryl,Barbie dolls,Play-Doh,Orange,4,Moderate Gift,General Workshop
Darryl,Rubiks cubes,Building blocks,Orange,5,Complex Gift,Learning Workshop
Dashawn,LEGO blocks,Building blocks,Red,5,Complex Gift,Learning Workshop
David,Building blocks,Building blocks,Brown,1,Moderate Gift,Learning Workshop
David,Building blocks,Play-Doh,Purple,4,Moderate Gift,Learning Workshop
David,Toy kitchen sets,Building blocks,Green,4,Complex Gift,General Workshop
Dawn,Toy musical instruments,Play-Doh,Green,2,Complex Gift,Learning Workshop
Dawn,LEGO blocks,Toy musical instruments,Blue,1,Complex Gift,Learning Workshop
Dedric,Toy trucks,Teddy bears,Yellow,4,Moderate Gift,General Workshop
Delaney,Barbie dolls,Board games,Brown,4,Moderate Gift,General Workshop
Delpha,Play-Doh,Barbie dolls,Pink,4,Simple Gift,Learning Workshop
Delphine,Jump ropes,Action figures,Yellow,1,Simple Gift,Outside Workshop
Demetris,Toy trucks,Stuffed animals,Brown,1,Moderate Gift,General Workshop
Demetris,Hula hoops,Toy kitchen sets,Green,4,Simple Gift,Outside Workshop
Demetris,Jigsaw puzzles,Board games,Pink,4,Moderate Gift,Learning Workshop
Denis,Stuffed animals,Play-Doh,Black,5,Complex Gift,General Workshop
Denis,Yo-yos,Board games,Red,4,Simple Gift,General Workshop
Deontae,Stuffed animals,Toy musical instruments,Green,5,Complex Gift,General Workshop
Deontae,Rubiks cubes,Action figures,Blue,1,Complex Gift,Learning Workshop
Deontae,Jigsaw puzzles,Action figures,Yellow,2,Moderate Gift,Learning Workshop
Deonte,Toy musical instruments,Yo-yos,Orange,2,Complex Gift,Learning Workshop
Deonte,Dollhouses,Toy kitchen sets,Black,1,Complex Gift,General Workshop
Desmond,Toy kitchen sets,LEGO blocks,Pink,5,Complex Gift,General Workshop
Desmond,Play-Doh,Jigsaw puzzles,Red,5,Simple Gift,Learning Workshop
Desmond,Toy trains,Stuffed animals,Pink,1,Complex Gift,General Workshop
Dessie,Jigsaw puzzles,Hula hoops,White,1,Moderate Gift,Learning Workshop
Destiny,Toy trains,Building blocks,Green,1,Complex Gift,General Workshop
Destiny,Building blocks,Yo-yos,Blue,1,Moderate Gift,Learning Workshop
Devan,Board games,Rubiks cubes,Blue,5,Complex Gift,General Workshop
Dewitt,Play-Doh,Jigsaw puzzles,Yellow,4,Simple Gift,Learning Workshop
Diego,Building sets,Yo-yos,Blue,5,Complex Gift,Learning Workshop
Diego,Dollhouses,Play-Doh,Orange,4,Complex Gift,General Workshop
Dino,Play-Doh,Teddy bears,White,5,Simple Gift,Learning Workshop
Dino,Yo-yos,Hula hoops,Orange,2,Simple Gift,General Workshop
Domenick,Jigsaw puzzles,Action figures,Yellow,3,Moderate Gift,Learning Workshop
Domenick,Hula hoops,Stuffed animals,Purple,3,Simple Gift,Outside Workshop
Donald,Teddy bears,Toy trains,Pink,1,Complex Gift,General Workshop
Donald,Toy trucks,LEGO blocks,Green,1,Moderate Gift,General Workshop
Donald,Building sets,Dollhouses,Blue,2,Complex Gift,Learning Workshop
Donald,Board games,LEGO blocks,Blue,4,Complex Gift,General Workshop
Donna,Toy trains,Building sets,Pink,3,Complex Gift,General Workshop
Dorothea,Play-Doh,Action figures,Brown,1,Simple Gift,Learning Workshop
Dorothea,Board games,Jump ropes,Blue,2,Complex Gift,General Workshop
Douglas,Rubiks cubes,Toy trains,Pink,4,Complex Gift,Learning Workshop
Douglas,Play-Doh,Toy trucks,White,3,Simple Gift,Learning Workshop
Douglas,Teddy bears,Hula hoops,White,5,Complex Gift,General Workshop
Douglas,Jump ropes,Yo-yos,Orange,1,Simple Gift,Outside Workshop
Duane,Jump ropes,Remote control cars,Blue,3,Simple Gift,Outside Workshop
Duane,Building sets,Toy trucks,Blue,5,Complex Gift,Learning Workshop
Edison,Barbie dolls,Toy kitchen sets,Green,2,Moderate Gift,General Workshop
Edmund,Board games,Building blocks,Pink,1,Complex Gift,General Workshop
Eino,Rubiks cubes,Stuffed animals,Yellow,4,Complex Gift,Learning Workshop
Eladio,Action figures,Board games,Brown,2,Complex Gift,General Workshop
Eladio,Toy musical instruments,Action figures,Pink,2,Complex Gift,Learning Workshop
Eladio,Building blocks,Building blocks,Black,4,Moderate Gift,Learning Workshop
Eldora,Play-Doh,Dollhouses,Blue,3,Simple Gift,Learning Workshop
Eleanora,Action figures,Action figures,Purple,5,Complex Gift,General Workshop
Eli,Building blocks,Jump ropes,Orange,5,Moderate Gift,Learning Workshop
Eli,Hula hoops,Jigsaw puzzles,Brown,2,Simple Gift,Outside Workshop
Elijah,Dollhouses,Play-Doh,Yellow,3,Complex Gift,General Workshop
Elijah,Toy kitchen sets,Action figures,Yellow,4,Complex Gift,General Workshop
Elinor,Building sets,LEGO blocks,Purple,4,Complex Gift,Learning Workshop
Elinor,Building blocks,Barbie dolls,Green,5,Moderate Gift,Learning Workshop
Elissa,Stuffed animals,Toy musical instruments,Red,5,Complex Gift,General Workshop
Elizabeth,Building sets,Toy trains,Red,2,Complex Gift,Learning Workshop
Elizabeth,Toy kitchen sets,Board games,Purple,1,Complex Gift,General Workshop
Ella,Rubiks cubes,Rubiks cubes,Green,5,Complex Gift,Learning Workshop
Ella,Action figures,Jigsaw puzzles,White,3,Complex Gift,General Workshop
Elmore,Rubiks cubes,Stuffed animals,Brown,4,Complex Gift,Learning Workshop
Elnora,Toy musical instruments,Board games,Black,4,Complex Gift,Learning Workshop
Elton,Toy kitchen sets,Stuffed animals,Blue,2,Complex Gift,General Workshop
Elva,Jump ropes,Play-Doh,Yellow,4,Simple Gift,Outside Workshop
Elyssa,Play-Doh,Teddy bears,Black,4,Simple Gift,Learning Workshop
Elza,Dollhouses,Yo-yos,Pink,4,Complex Gift,General Workshop
Emelia,Play-Doh,Yo-yos,Yellow,2,Simple Gift,Learning Workshop
Emelia,LEGO blocks,Remote control cars,Green,2,Complex Gift,Learning Workshop
Emelia,Play-Doh,Barbie dolls,Purple,3,Simple Gift,Learning Workshop
Emilia,Stuffed animals,Jump ropes,Blue,4,Complex Gift,General Workshop
Emmitt,Remote control cars,Barbie dolls,White,1,Complex Gift,General Workshop
Erick,Yo-yos,Barbie dolls,Blue,3,Simple Gift,General Workshop
Erick,Toy trucks,Stuffed animals,White,2,Moderate Gift,General Workshop
Erick,Action figures,Toy trains,White,2,Complex Gift,General Workshop
Estefania,Jigsaw puzzles,Board games,White,2,Moderate Gift,Learning Workshop
Estefania,Teddy bears,Teddy bears,Green,2,Complex Gift,General Workshop
Estelle,Dollhouses,Dollhouses,Black,2,Complex Gift,General Workshop
Estrella,Building sets,Building sets,Blue,4,Complex Gift,Learning Workshop
Estrella,Building blocks,Board games,Green,2,Moderate Gift,Learning Workshop
Estrella,Barbie dolls,Toy musical instruments,Yellow,2,Moderate Gift,General Workshop
Eulalia,LEGO blocks,Rubiks cubes,Green,1,Complex Gift,Learning Workshop
Eulalia,Toy musical instruments,Jump ropes,Pink,4,Complex Gift,Learning Workshop
Eusebio,Yo-yos,Yo-yos,White,3,Simple Gift,General Workshop
Eusebio,Teddy bears,LEGO blocks,White,4,Complex Gift,General Workshop
Eusebio,LEGO blocks,Jump ropes,Pink,3,Complex Gift,Learning Workshop
Ewell,Barbie dolls,Yo-yos,Brown,2,Moderate Gift,General Workshop
Ezra,Toy trucks,Toy kitchen sets,Purple,3,Moderate Gift,General Workshop
Ezra,Play-Doh,Jigsaw puzzles,Black,3,Simple Gift,Learning Workshop
Favian,Building blocks,LEGO blocks,White,5,Moderate Gift,Learning Workshop
Favian,Dollhouses,Toy trains,Green,5,Complex Gift,General Workshop
Felipa,Building sets,Yo-yos,Purple,2,Complex Gift,Learning Workshop
Fermin,LEGO blocks,Dollhouses,White,5,Complex Gift,Learning Workshop
Fern,Yo-yos,Barbie dolls,Red,1,Simple Gift,General Workshop
Fern,Hula hoops,Action figures,Blue,2,Simple Gift,Outside Workshop
Fern,Toy trucks,Jigsaw puzzles,White,5,Moderate Gift,General Workshop
Fernando,Toy musical instruments,Stuffed animals,Black,2,Complex Gift,Learning Workshop
Fernando,Play-Doh,Teddy bears,Purple,4,Simple Gift,Learning Workshop
Filomena,Building sets,Toy musical instruments,Pink,2,Complex Gift,Learning Workshop
Filomena,Toy trains,LEGO blocks,Pink,3,Complex Gift,General Workshop
Filomena,Stuffed animals,LEGO blocks,Blue,5,Complex Gift,General Workshop
Finn,Stuffed animals,Rubiks cubes,Blue,2,Complex Gift,General Workshop
Finn,Stuffed animals,Toy trains,Red,4,Complex Gift,General Workshop
Finn,Board games,Toy musical instruments,Blue,5,Complex Gift,General Workshop
Finn,Stuffed animals,Building sets,Orange,3,Complex Gift,General Workshop
Fiona,Barbie dolls,Jump ropes,Pink,4,Moderate Gift,General Workshop
Floyd,Toy kitchen sets,Action figures,White,2,Complex Gift,General Workshop
Forrest,Jump ropes,Toy trains,Yellow,2,Simple Gift,Outside Workshop
Forrest,Toy musical instruments,Toy musical instruments,Blue,5,Complex Gift,Learning Workshop
Forrest,Toy trucks,Toy musical instruments,Blue,1,Moderate Gift,General Workshop
Francesco,Barbie dolls,Toy kitchen sets,Blue,3,Moderate Gift,General Workshop
Francesco,LEGO blocks,Action figures,Pink,4,Complex Gift,Learning Workshop
Francisco,Dollhouses,Remote control cars,Orange,4,Complex Gift,General Workshop
Francisco,Toy kitchen sets,Action figures,Brown,5,Complex Gift,General Workshop
Franco,Stuffed animals,Board games,Green,2,Complex Gift,General Workshop
Frederick,Teddy bears,Jump ropes,Green,3,Complex Gift,General Workshop
Frederick,Play-Doh,Stuffed animals,White,4,Simple Gift,Learning Workshop
Frederick,Building blocks,Toy musical instruments,Blue,4,Moderate Gift,Learning Workshop
Freeman,Toy musical instruments,Yo-yos,Green,3,Complex Gift,Learning Workshop
Friedrich,Stuffed animals,Toy kitchen sets,Brown,2,Complex Gift,General Workshop
Friedrich,Play-Doh,Action figures,Purple,3,Simple Gift,Learning Workshop
Garett,Dollhouses,Play-Doh,Pink,5,Complex Gift,General Workshop
Garfield,Jump ropes,Jigsaw puzzles,Purple,3,Simple Gift,Outside Workshop
Garrison,Toy kitchen sets,Building blocks,Purple,1,Complex Gift,General Workshop
Garrison,Building blocks,Jump ropes,Pink,1,Moderate Gift,Learning Workshop
General,Action figures,Jump ropes,Pink,4,Complex Gift,General Workshop
General,Building sets,LEGO blocks,Blue,1,Complex Gift,Learning Workshop
General,Board games,Toy trains,Green,2,Complex Gift,General Workshop
Geo,Yo-yos,Board games,Yellow,4,Simple Gift,General Workshop
Georgette,Rubiks cubes,Dollhouses,Brown,3,Complex Gift,Learning Workshop
Georgette,Yo-yos,Barbie dolls,Yellow,5,Simple Gift,General Workshop
Gerard,Toy trucks,Toy musical instruments,Red,3,Moderate Gift,General Workshop
German,Toy trains,Stuffed animals,Green,5,Complex Gift,General Workshop
Gerry,Toy kitchen sets,Toy musical instruments,White,1,Complex Gift,General Workshop
Gerry,Teddy bears,Teddy bears,Brown,4,Complex Gift,General Workshop
Gilbert,Building sets,Toy trains,White,5,Complex Gift,Learning Workshop
Giovanna,Play-Doh,Jump ropes,Orange,5,Simple Gift,Learning Workshop
Giovanna,Hula hoops,Building blocks,Purple,4,Simple Gift,Outside Workshop
Giovanni,Toy trains,Remote control cars,Brown,1,Complex Gift,General Workshop
Giuseppe,LEGO blocks,Building sets,Orange,1,Complex Gift,Learning Workshop
Golda,Stuffed animals,Building blocks,Pink,3,Complex Gift,General Workshop
Golda,LEGO blocks,Barbie dolls,Orange,5,Complex Gift,Learning Workshop
Gracie,Rubiks cubes,Rubiks cubes,Pink,2,Complex Gift,Learning Workshop
Gracie,Stuffed animals,Barbie dolls,White,2,Complex Gift,General Workshop
Gregg,Jigsaw puzzles,Action figures,Brown,3,Moderate Gift,Learning Workshop
Grover,Teddy bears,Building sets,Yellow,4,Complex Gift,General Workshop
Guadalupe,LEGO blocks,Building sets,Yellow,5,Complex Gift,Learning Workshop
Guadalupe,Dollhouses,Action figures,Blue,1,Complex Gift,General Workshop
Guido,Play-Doh,Rubiks cubes,Green,4,Simple Gift,Learning Workshop
Guido,Barbie dolls,LEGO blocks,Blue,2,Moderate Gift,General Workshop
Gus,Yo-yos,Toy trucks,Pink,1,Simple Gift,General Workshop
Guy,Toy musical instruments,Dollhouses,White,4,Complex Gift,Learning Workshop
Guy,Barbie dolls,Jump ropes,Orange,5,Moderate Gift,General Workshop
Guy,Building blocks,Dollhouses,Brown,4,Moderate Gift,Learning Workshop
Gwendolyn,Stuffed animals,Jigsaw puzzles,Brown,2,Complex Gift,General Workshop
Gwendolyn,Stuffed animals,Play-Doh,Red,2,Complex Gift,General Workshop
Gwendolyn,Hula hoops,Stuffed animals,White,1,Simple Gift,Outside Workshop
Gwendolyn,Toy musical instruments,Building blocks,Pink,5,Complex Gift,Learning Workshop
Haleigh,Hula hoops,Yo-yos,Green,4,Simple Gift,Outside Workshop
Haleigh,Barbie dolls,Hula hoops,Red,4,Moderate Gift,General Workshop
Haleigh,Play-Doh,Play-Doh,Pink,3,Simple Gift,Learning Workshop
Hanna,Barbie dolls,Rubiks cubes,Yellow,4,Moderate Gift,General Workshop
Hanna,Jigsaw puzzles,Barbie dolls,Orange,1,Moderate Gift,Learning Workshop
Hanna,Board games,Rubiks cubes,Orange,4,Complex Gift,General Workshop
Hattie,Play-Doh,Rubiks cubes,Green,4,Simple Gift,Learning Workshop
Hayley,Play-Doh,Toy kitchen sets,Blue,1,Simple Gift,Learning Workshop
Helga,Toy trucks,LEGO blocks,Black,3,Moderate Gift,General Workshop
Hermina,Hula hoops,Jump ropes,Red,3,Simple Gift,Outside Workshop
Herminia,Yo-yos,Remote control cars,White,1,Simple Gift,General Workshop
Hobart,Jump ropes,Remote control cars,Purple,4,Simple Gift,Outside Workshop
Hobart,Jigsaw puzzles,Board games,Red,2,Moderate Gift,Learning Workshop
Holden,Teddy bears,Building blocks,Red,1,Complex Gift,General Workshop
Holden,Yo-yos,Teddy bears,Brown,2,Simple Gift,General Workshop
Horacio,Barbie dolls,Teddy bears,Black,2,Moderate Gift,General Workshop
Hosea,Yo-yos,Dollhouses,White,1,Simple Gift,General Workshop
Hugh,Yo-yos,Remote control cars,Yellow,3,Simple Gift,General Workshop
Hyman,Toy kitchen sets,LEGO blocks,Green,4,Complex Gift,General Workshop
Hyman,Stuffed animals,Toy kitchen sets,White,2,Complex Gift,General Workshop
Hyman,Rubiks cubes,Board games,Green,1,Complex Gift,Learning Workshop
Hyman,Yo-yos,Remote control cars,Pink,3,Simple Gift,General Workshop
Hyman,Teddy bears,Play-Doh,Purple,2,Complex Gift,General Workshop
Ibrahim,Action figures,Action figures,Black,4,Complex Gift,General Workshop
Ike,Barbie dolls,Hula hoops,Blue,1,Moderate Gift,General Workshop
Ike,Yo-yos,Stuffed animals,Blue,4,Simple Gift,General Workshop
Ike,Jigsaw puzzles,Action figures,Blue,5,Moderate Gift,Learning Workshop
Iliana,Building blocks,Building blocks,Black,5,Moderate Gift,Learning Workshop
Iliana,Play-Doh,Building blocks,Red,2,Simple Gift,Learning Workshop
Imani,Yo-yos,Toy kitchen sets,Brown,3,Simple Gift,General Workshop
Immanuel,Toy musical instruments,Yo-yos,Pink,3,Complex Gift,Learning Workshop
Irwin,Building sets,LEGO blocks,Red,4,Complex Gift,Learning Workshop
Isabelle,Rubiks cubes,Jigsaw puzzles,Pink,4,Complex Gift,Learning Workshop
Isabelle,Teddy bears,Barbie dolls,Pink,1,Complex Gift,General Workshop
Isac,Jump ropes,Rubiks cubes,White,3,Simple Gift,Outside Workshop
Isai,Jigsaw puzzles,Dollhouses,Black,2,Moderate Gift,Learning Workshop
Isaiah,Barbie dolls,Action figures,Blue,4,Moderate Gift,General Workshop
Isaiah,Toy trucks,Toy trucks,Orange,1,Moderate Gift,General Workshop
Isom,Toy trains,Yo-yos,Yellow,5,Complex Gift,General Workshop
Isom,Remote control cars,Stuffed animals,Blue,4,Complex Gift,General Workshop
Isom,Teddy bears,Rubiks cubes,Yellow,5,Complex Gift,General Workshop
Issac,Toy trains,Stuffed animals,Purple,2,Complex Gift,General Workshop
Jabari,Toy trucks,Yo-yos,White,1,Moderate Gift,General Workshop
Jace,Building blocks,Barbie dolls,Green,3,Moderate Gift,Learning Workshop
Jacey,Toy trains,Toy trucks,Blue,5,Complex Gift,General Workshop
Jameson,Dollhouses,Yo-yos,Pink,4,Complex Gift,General Workshop
Jaren,Play-Doh,Barbie dolls,Yellow,4,Simple Gift,Learning Workshop
Jaren,Barbie dolls,Board games,Brown,4,Moderate Gift,General Workshop
Jarod,Barbie dolls,Building blocks,Purple,1,Moderate Gift,General Workshop
Jarod,Action figures,Play-Doh,Red,3,Complex Gift,General Workshop
Jarrett,Action figures,Teddy bears,Green,1,Complex Gift,General Workshop
Jasmin,Hula hoops,Board games,Green,5,Simple Gift,Outside Workshop
Jasmin,Dollhouses,Jump ropes,Green,3,Complex Gift,General Workshop
Jayda,Barbie dolls,Jigsaw puzzles,Green,4,Moderate Gift,General Workshop
Jayda,Jigsaw puzzles,Toy musical instruments,Red,5,Moderate Gift,Learning Workshop
Jazlyn,Toy kitchen sets,Rubiks cubes,Orange,2,Complex Gift,General Workshop
Jazlyn,Toy trains,Rubiks cubes,Pink,1,Complex Gift,General Workshop
Jazlyn,Toy kitchen sets,Stuffed animals,Pink,2,Complex Gift,General Workshop
Jeanie,Toy musical instruments,Yo-yos,Green,5,Complex Gift,Learning Workshop
Jed,Building blocks,Play-Doh,Brown,1,Moderate Gift,Learning Workshop
Jed,Jigsaw puzzles,Toy trucks,Brown,1,Moderate Gift,Learning Workshop
Jedediah,Rubiks cubes,LEGO blocks,Green,4,Complex Gift,Learning Workshop
Jedidiah,Building sets,Action figures,Purple,4,Complex Gift,Learning Workshop
Jeffery,Toy trains,Action figures,Black,5,Complex Gift,General Workshop
Jennings,Building blocks,Toy trucks,Blue,1,Moderate Gift,Learning Workshop
Jennings,Remote control cars,Hula hoops,Brown,1,Complex Gift,General Workshop
Jeramy,Stuffed animals,Building blocks,Brown,5,Complex Gift,General Workshop
Jeremy,Building sets,Yo-yos,Purple,3,Complex Gift,Learning Workshop
Jeremy,Teddy bears,Stuffed animals,Pink,4,Complex Gift,General Workshop
Jermain,Building blocks,Building blocks,Red,5,Moderate Gift,Learning Workshop
Jermain,Toy musical instruments,LEGO blocks,White,4,Complex Gift,Learning Workshop
Jermain,Play-Doh,Yo-yos,Green,5,Simple Gift,Learning Workshop
Jeromy,Jigsaw puzzles,Toy musical instruments,Yellow,5,Moderate Gift,Learning Workshop
Jerrod,LEGO blocks,Yo-yos,Brown,3,Complex Gift,Learning Workshop
Jerrod,Toy musical instruments,Toy kitchen sets,Green,5,Complex Gift,Learning Workshop
Jerrod,Action figures,Board games,Pink,3,Complex Gift,General Workshop
Jessika,Toy trucks,Barbie dolls,Orange,1,Moderate Gift,General Workshop
Jett,Toy trucks,Building sets,Brown,1,Moderate Gift,General Workshop
Joanne,Dollhouses,Board games,Pink,1,Complex Gift,General Workshop
Joanne,Yo-yos,Toy musical instruments,Yellow,3,Simple Gift,General Workshop
Joany,Toy kitchen sets,Stuffed animals,Green,4,Complex Gift,General Workshop
Joany,LEGO blocks,LEGO blocks,Pink,5,Complex Gift,Learning Workshop
Jocelyn,Rubiks cubes,Yo-yos,White,2,Complex Gift,Learning Workshop
Johan,Toy kitchen sets,Stuffed animals,Black,4,Complex Gift,General Workshop
Johann,Yo-yos,Board games,Purple,2,Simple Gift,General Workshop
Johann,LEGO blocks,Building sets,Purple,3,Complex Gift,Learning Workshop
Johnpaul,LEGO blocks,Play-Doh,Green,2,Complex Gift,Learning Workshop
Jonatan,Building sets,Board games,Brown,4,Complex Gift,Learning Workshop
Jonathan,Dollhouses,Hula hoops,Purple,4,Complex Gift,General Workshop
Jonathan,Building sets,Jigsaw puzzles,White,2,Complex Gift,Learning Workshop
Jordy,Hula hoops,Action figures,Black,5,Simple Gift,Outside Workshop
Jordy,Dollhouses,Play-Doh,Orange,2,Complex Gift,General Workshop
Jordy,Toy musical instruments,Teddy bears,Orange,5,Complex Gift,Learning Workshop
Josiane,Board games,Toy trucks,Red,1,Complex Gift,General Workshop
Josiane,Toy kitchen sets,Jigsaw puzzles,Brown,1,Complex Gift,General Workshop
Josie,Jump ropes,Stuffed animals,Red,5,Simple Gift,Outside Workshop
Joyce,Toy kitchen sets,Action figures,Brown,5,Complex Gift,General Workshop
Judah,Building sets,Building sets,White,5,Complex Gift,Learning Workshop
Judah,Stuffed animals,LEGO blocks,Red,1,Complex Gift,General Workshop
Julius,Stuffed animals,Toy musical instruments,Brown,1,Complex Gift,General Workshop
Julius,Toy trains,Toy kitchen sets,White,2,Complex Gift,General Workshop
Juston,Jump ropes,Dollhouses,Yellow,1,Simple Gift,Outside Workshop
Kaela,Toy trains,Action figures,Black,5,Complex Gift,General Workshop
Kailee,Building blocks,Toy kitchen sets,Green,5,Moderate Gift,Learning Workshop
Kamryn,Toy trucks,Toy trucks,Yellow,3,Moderate Gift,General Workshop
Kamryn,Toy trucks,Yo-yos,Brown,4,Moderate Gift,General Workshop
Kamryn,Remote control cars,Yo-yos,Green,2,Complex Gift,General Workshop
Kara,Hula hoops,Jigsaw puzzles,Orange,1,Simple Gift,Outside Workshop
Kariane,Rubiks cubes,Jump ropes,Orange,1,Complex Gift,Learning Workshop
Kariane,Toy musical instruments,Building sets,Black,3,Complex Gift,Learning Workshop
Kariane,Board games,Yo-yos,Pink,3,Complex Gift,General Workshop
Kariane,Rubiks cubes,Hula hoops,Brown,2,Complex Gift,Learning Workshop
Kariane,Hula hoops,Jump ropes,Yellow,4,Simple Gift,Outside Workshop
Karina,Toy trucks,Board games,Green,5,Moderate Gift,General Workshop
Karley,Barbie dolls,Toy musical instruments,Black,5,Moderate Gift,General Workshop
Karley,Board games,Rubiks cubes,Green,1,Complex Gift,General Workshop
Kassandra,Toy musical instruments,Yo-yos,Purple,2,Complex Gift,Learning Workshop
Katherine,Building sets,Hula hoops,Brown,4,Complex Gift,Learning Workshop
Katheryn,Toy musical instruments,Action figures,Yellow,1,Complex Gift,Learning Workshop
Katheryn,Hula hoops,Toy kitchen sets,Yellow,4,Simple Gift,Outside Workshop
Kathryne,Stuffed animals,Toy trains,Orange,1,Complex Gift,General Workshop
Kathryne,Toy trucks,Building sets,Orange,1,Moderate Gift,General Workshop
Kavon,Board games,Toy musical instruments,Black,3,Complex Gift,General Workshop
Kavon,Remote control cars,Barbie dolls,White,4,Complex Gift,General Workshop
Kayla,Toy trucks,Stuffed animals,Yellow,2,Moderate Gift,General Workshop
Kayla,Rubiks cubes,Teddy bears,Red,1,Complex Gift,Learning Workshop
Kayla,Toy trains,Building sets,Blue,5,Complex Gift,General Workshop
Kayla,Toy trains,Play-Doh,Black,3,Complex Gift,General Workshop
Kayleigh,Jigsaw puzzles,Board games,White,5,Moderate Gift,Learning Workshop
Keara,Dollhouses,Play-Doh,White,5,Complex Gift,General Workshop
Keara,Toy musical instruments,Jigsaw puzzles,Blue,2,Complex Gift,Learning Workshop
Keegan,Hula hoops,Jump ropes,Yellow,3,Simple Gift,Outside Workshop
Keegan,Building sets,Jigsaw puzzles,Red,3,Complex Gift,Learning Workshop
Keenan,LEGO blocks,Hula hoops,Black,3,Complex Gift,Learning Workshop
Keenan,Toy trains,Teddy bears,Black,3,Complex Gift,General Workshop
Kelton,Remote control cars,Play-Doh,Pink,2,Complex Gift,General Workshop
Kelvin,Barbie dolls,Teddy bears,Red,2,Moderate Gift,General Workshop
Kelvin,Action figures,Yo-yos,Red,1,Complex Gift,General Workshop
Kenny,Toy musical instruments,Jigsaw puzzles,Red,3,Complex Gift,Learning Workshop
Kenyatta,Dollhouses,Teddy bears,Green,5,Complex Gift,General Workshop
Kenyatta,Barbie dolls,Play-Doh,Red,2,Moderate Gift,General Workshop
Kenyatta,Building blocks,Remote control cars,White,2,Moderate Gift,Learning Workshop
Keven,Building sets,Toy trucks,Orange,5,Complex Gift,Learning Workshop
Keyshawn,Jigsaw puzzles,Play-Doh,White,5,Moderate Gift,Learning Workshop
Khalil,Jigsaw puzzles,Jump ropes,Pink,2,Moderate Gift,Learning Workshop
Khalil,LEGO blocks,Yo-yos,Pink,5,Complex Gift,Learning Workshop
Khalil,Play-Doh,Barbie dolls,Pink,4,Simple Gift,Learning Workshop
Kira,Rubiks cubes,Board games,White,2,Complex Gift,Learning Workshop
Kira,Barbie dolls,Rubiks cubes,Pink,4,Moderate Gift,General Workshop
Kirk,Barbie dolls,Jump ropes,Blue,5,Moderate Gift,General Workshop
Kirk,Toy trucks,Toy kitchen sets,Orange,2,Moderate Gift,General Workshop
Kirk,Barbie dolls,Toy kitchen sets,Orange,1,Moderate Gift,General Workshop
Kirsten,Toy trains,Rubiks cubes,Blue,3,Complex Gift,General Workshop
Kirsten,Hula hoops,Building blocks,Orange,5,Simple Gift,Outside Workshop
Kole,Teddy bears,Play-Doh,Green,1,Complex Gift,General Workshop
Kole,Rubiks cubes,Toy kitchen sets,White,3,Complex Gift,Learning Workshop
Kris,Toy kitchen sets,Jump ropes,Red,5,Complex Gift,General Workshop
Kris,Teddy bears,Building sets,Yellow,1,Complex Gift,General Workshop
Kurt,Jigsaw puzzles,Yo-yos,Brown,1,Moderate Gift,Learning Workshop
Kurt,LEGO blocks,Jigsaw puzzles,Black,2,Complex Gift,Learning Workshop
Kurtis,Stuffed animals,Barbie dolls,Blue,1,Complex Gift,General Workshop
Kurtis,Toy trucks,Stuffed animals,Purple,5,Moderate Gift,General Workshop
Kyler,Board games,Remote control cars,Orange,4,Complex Gift,General Workshop
Kyler,Hula hoops,Toy musical instruments,Blue,4,Simple Gift,Outside Workshop
Lance,Toy trucks,Remote control cars,White,3,Moderate Gift,General Workshop
Landen,Toy kitchen sets,Toy kitchen sets,Yellow,3,Complex Gift,General Workshop
Landen,LEGO blocks,Jigsaw puzzles,Blue,5,Complex Gift,Learning Workshop
Landen,Toy musical instruments,Remote control cars,Pink,3,Complex Gift,Learning Workshop
Landen,Action figures,Dollhouses,Pink,5,Complex Gift,General Workshop
Laron,Toy trucks,Hula hoops,Purple,2,Moderate Gift,General Workshop
Laurine,Toy trucks,Remote control cars,Red,5,Moderate Gift,General Workshop
Laurine,Building blocks,Yo-yos,Brown,3,Moderate Gift,Learning Workshop
Lavada,Jigsaw puzzles,Toy trains,Yellow,2,Moderate Gift,Learning Workshop
Lavern,Hula hoops,Barbie dolls,Pink,2,Simple Gift,Outside Workshop
Lavern,Remote control cars,Play-Doh,Brown,4,Complex Gift,General Workshop
Laverne,Play-Doh,LEGO blocks,Purple,3,Simple Gift,Learning Workshop
Leif,Yo-yos,Jigsaw puzzles,Red,3,Simple Gift,General Workshop
Leilani,Hula hoops,Barbie dolls,White,2,Simple Gift,Outside Workshop
Leilani,Rubiks cubes,Board games,Purple,4,Complex Gift,Learning Workshop
Lelah,LEGO blocks,Play-Doh,Red,4,Complex Gift,Learning Workshop
Lelah,Toy musical instruments,Jigsaw puzzles,Purple,4,Complex Gift,Learning Workshop
Lelah,Board games,Remote control cars,Pink,1,Complex Gift,General Workshop
Leonie,Teddy bears,Play-Doh,Red,2,Complex Gift,General Workshop
Leopold,LEGO blocks,Yo-yos,Pink,3,Complex Gift,Learning Workshop
Lera,Jigsaw puzzles,Stuffed animals,Yellow,4,Moderate Gift,Learning Workshop
Lesley,Yo-yos,Yo-yos,Black,2,Simple Gift,General Workshop
Lesley,Action figures,Yo-yos,Purple,3,Complex Gift,General Workshop
Letitia,Yo-yos,Teddy bears,Pink,4,Simple Gift,General Workshop
Levi,Building blocks,Play-Doh,Blue,4,Moderate Gift,Learning Workshop
Lew,Hula hoops,Barbie dolls,Blue,4,Simple Gift,Outside Workshop
Liana,Toy trains,Jigsaw puzzles,Yellow,3,Complex Gift,General Workshop
Liliane,Toy trucks,Stuffed animals,Brown,4,Moderate Gift,General Workshop
Lilliana,Dollhouses,Remote control cars,Purple,5,Complex Gift,General Workshop
Lilliana,Action figures,Remote control cars,Yellow,1,Complex Gift,General Workshop
Lincoln,Remote control cars,Jump ropes,Brown,4,Complex Gift,General Workshop
Lincoln,Action figures,Yo-yos,Purple,2,Complex Gift,General Workshop
Lincoln,Toy trucks,Toy trucks,Green,1,Moderate Gift,General Workshop
Lincoln,Barbie dolls,Toy trains,Yellow,4,Moderate Gift,General Workshop
Lindsay,Toy trains,Action figures,Orange,2,Complex Gift,General Workshop
Lloyd,Toy trains,Toy trucks,Green,5,Complex Gift,General Workshop
Lloyd,LEGO blocks,Building sets,Blue,5,Complex Gift,Learning Workshop
Lloyd,Barbie dolls,Jigsaw puzzles,White,3,Moderate Gift,General Workshop
Lon,Toy trucks,Jigsaw puzzles,Blue,5,Moderate Gift,General Workshop
Lon,Board games,Barbie dolls,Orange,3,Complex Gift,General Workshop
Lon,Rubiks cubes,Building sets,Green,4,Complex Gift,Learning Workshop
Lonny,Toy musical instruments,Jump ropes,Purple,5,Complex Gift,Learning Workshop
Lonny,Dollhouses,Building blocks,Black,5,Complex Gift,General Workshop
Lora,Toy musical instruments,Barbie dolls,Pink,2,Complex Gift,Learning Workshop
Lorenza,Stuffed animals,Barbie dolls,Black,1,Complex Gift,General Workshop
Lorenza,Toy musical instruments,Toy trains,White,5,Complex Gift,Learning Workshop
Lorenza,Yo-yos,Jigsaw puzzles,Blue,2,Simple Gift,General Workshop
Loy,Building sets,Toy musical instruments,Green,1,Complex Gift,Learning Workshop
Loy,Play-Doh,Toy trucks,Brown,2,Simple Gift,Learning Workshop
Loyce,Toy kitchen sets,Play-Doh,Pink,2,Complex Gift,General Workshop
Lucious,Toy trucks,LEGO blocks,Purple,3,Moderate Gift,General Workshop
Lucious,Rubiks cubes,Jump ropes,Green,3,Complex Gift,Learning Workshop
Lucy,Jump ropes,Dollhouses,Purple,1,Simple Gift,Outside Workshop
Lucy,Rubiks cubes,LEGO blocks,Red,2,Complex Gift,Learning Workshop
Luigi,Rubiks cubes,Remote control cars,Yellow,4,Complex Gift,Learning Workshop
Lukas,Jigsaw puzzles,Yo-yos,Pink,5,Moderate Gift,Learning Workshop
Lukas,Hula hoops,Building sets,Black,5,Simple Gift,Outside Workshop
Lukas,Toy kitchen sets,Hula hoops,Black,4,Complex Gift,General Workshop
Luna,Dollhouses,Rubiks cubes,White,5,Complex Gift,General Workshop
Lurline,Hula hoops,Toy kitchen sets,Green,4,Simple Gift,Outside Workshop
Lurline,Toy kitchen sets,Toy kitchen sets,Green,1,Complex Gift,General Workshop
Lyric,Rubiks cubes,Play-Doh,Pink,4,Complex Gift,Learning Workshop
Mac,Board games,Dollhouses,Orange,2,Complex Gift,General Workshop
Madalyn,Toy musical instruments,Dollhouses,Pink,4,Complex Gift,Learning Workshop
Madalyn,Building sets,Barbie dolls,Blue,2,Complex Gift,Learning Workshop
Madeline,Hula hoops,Rubiks cubes,Yellow,4,Simple Gift,Outside Workshop
Madeline,Toy musical instruments,Jigsaw puzzles,Green,2,Complex Gift,Learning Workshop
Madelynn,Jigsaw puzzles,Toy trains,Brown,3,Moderate Gift,Learning Workshop
Madelynn,Building sets,Action figures,White,3,Complex Gift,Learning Workshop
Madelynn,Jump ropes,Hula hoops,Green,2,Simple Gift,Outside Workshop
Madelynn,Jump ropes,Stuffed animals,Green,2,Simple Gift,Outside Workshop
Madilyn,Building sets,Toy trains,Blue,4,Complex Gift,Learning Workshop
Madilyn,Toy musical instruments,Building sets,Yellow,4,Complex Gift,Learning Workshop
Madonna,Teddy bears,Building sets,Red,4,Complex Gift,General Workshop
Madonna,Remote control cars,Building sets,Black,4,Complex Gift,General Workshop
Madonna,Yo-yos,Toy trucks,Black,3,Simple Gift,General Workshop
Mae,Stuffed animals,Barbie dolls,Green,5,Complex Gift,General Workshop
Maggie,Toy kitchen sets,Building blocks,Red,1,Complex Gift,General Workshop
Maida,Toy trucks,Board games,Pink,2,Moderate Gift,General Workshop
Major,Rubiks cubes,Remote control cars,White,2,Complex Gift,Learning Workshop
Major,Play-Doh,Stuffed animals,Pink,1,Simple Gift,Learning Workshop
Malinda,Barbie dolls,Dollhouses,Orange,1,Moderate Gift,General Workshop
Manuela,Remote control cars,Play-Doh,Pink,3,Complex Gift,General Workshop
Marcelle,Building sets,Play-Doh,Pink,2,Complex Gift,Learning Workshop
Marcelle,Jigsaw puzzles,Stuffed animals,Red,5,Moderate Gift,Learning Workshop
Marcelo,Toy kitchen sets,Building blocks,Brown,2,Complex Gift,General Workshop
Margarete,Hula hoops,Yo-yos,Green,5,Simple Gift,Outside Workshop
Margarete,Toy trucks,Board games,Yellow,4,Moderate Gift,General Workshop
Margarete,Hula hoops,Stuffed animals,Yellow,1,Simple Gift,Outside Workshop
Margarete,Jump ropes,Play-Doh,Pink,3,Simple Gift,Outside Workshop
Margarette,Building sets,Dollhouses,Green,2,Complex Gift,Learning Workshop
Margarette,Teddy bears,LEGO blocks,Orange,3,Complex Gift,General Workshop
Margarette,Hula hoops,Toy musical instruments,Green,5,Simple Gift,Outside Workshop
Margarita,Hula hoops,Play-Doh,Green,2,Simple Gift,Outside Workshop
Margie,Building sets,Teddy bears,Orange,3,Complex Gift,Learning Workshop
Margie,Toy trucks,Jigsaw puzzles,Yellow,1,Moderate Gift,General Workshop
Mariah,Toy trains,Action figures,White,1,Complex Gift,General Workshop
Mariah,Building sets,Hula hoops,Black,4,Complex Gift,Learning Workshop
Mariah,Play-Doh,Jigsaw puzzles,Red,4,Simple Gift,Learning Workshop
Mariana,Dollhouses,Jigsaw puzzles,Brown,5,Complex Gift,General Workshop
Mariana,Toy musical instruments,Jump ropes,Yellow,2,Complex Gift,Learning Workshop
Marianna,Building blocks,Play-Doh,Purple,4,Moderate Gift,Learning Workshop
Marianne,Hula hoops,LEGO blocks,White,2,Simple Gift,Outside Workshop
Mariela,Yo-yos,Stuffed animals,Yellow,5,Simple Gift,General Workshop
Mariela,Jump ropes,Toy trucks,Purple,4,Simple Gift,Outside Workshop
Marilie,Remote control cars,LEGO blocks,Brown,1,Complex Gift,General Workshop
Marilie,Action figures,Remote control cars,White,2,Complex Gift,General Workshop
Marilyne,Toy musical instruments,Toy kitchen sets,Blue,2,Complex Gift,Learning Workshop
Marilyne,Jump ropes,Hula hoops,White,5,Simple Gift,Outside Workshop
Marilyne,Dollhouses,Building blocks,Red,5,Complex Gift,General Workshop
Marina,Rubiks cubes,Remote control cars,Orange,5,Complex Gift,Learning Workshop
Marjolaine,Jump ropes,Barbie dolls,Red,1,Simple Gift,Outside Workshop
Marjolaine,Jump ropes,Action figures,Green,2,Simple Gift,Outside Workshop
Marjolaine,Remote control cars,Building blocks,Brown,2,Complex Gift,General Workshop
Marlee,Play-Doh,Barbie dolls,Yellow,3,Simple Gift,Learning Workshop
Marta,Building sets,Play-Doh,Yellow,2,Complex Gift,Learning Workshop
Marta,Jigsaw puzzles,Jigsaw puzzles,Green,2,Moderate Gift,Learning Workshop
Martin,LEGO blocks,Building sets,Blue,5,Complex Gift,Learning Workshop
Martin,Toy trucks,Teddy bears,Green,3,Moderate Gift,General Workshop
Martin,Dollhouses,Building blocks,Yellow,5,Complex Gift,General Workshop
Marvin,Toy kitchen sets,Rubiks cubes,Green,3,Complex Gift,General Workshop
Marvin,Toy musical instruments,Remote control cars,Blue,3,Complex Gift,Learning Workshop
Matteo,Toy trucks,Board games,Black,5,Moderate Gift,General Workshop
Maud,LEGO blocks,Jigsaw puzzles,Black,1,Complex Gift,Learning Workshop
Maud,Barbie dolls,LEGO blocks,Blue,1,Moderate Gift,General Workshop
Maudie,Building blocks,Dollhouses,Red,5,Moderate Gift,Learning Workshop
Maurice,LEGO blocks,Barbie dolls,Black,1,Complex Gift,Learning Workshop
Mavis,Teddy bears,Jump ropes,Black,3,Complex Gift,General Workshop
Maximilian,Jigsaw puzzles,Toy musical instruments,White,2,Moderate Gift,Learning Workshop
Maximillian,Dollhouses,Play-Doh,Pink,2,Complex Gift,General Workshop
May,Yo-yos,Stuffed animals,Black,5,Simple Gift,General Workshop
May,Play-Doh,Jigsaw puzzles,Orange,5,Simple Gift,Learning Workshop
May,Jump ropes,Stuffed animals,Pink,5,Simple Gift,Outside Workshop
Megane,Remote control cars,Remote control cars,Green,5,Complex Gift,General Workshop
Megane,Action figures,Toy trucks,Green,3,Complex Gift,General Workshop
Meggie,Barbie dolls,Play-Doh,Yellow,2,Moderate Gift,General Workshop
Meggie,Yo-yos,Building blocks,Pink,3,Simple Gift,General Workshop
Melyna,Barbie dolls,Toy musical instruments,Red,4,Moderate Gift,General Workshop
Meredith,Toy kitchen sets,Hula hoops,Pink,5,Complex Gift,General Workshop
Micah,LEGO blocks,Action figures,Purple,3,Complex Gift,Learning Workshop
Micah,Toy musical instruments,Jump ropes,Yellow,1,Complex Gift,Learning Workshop
Michelle,Barbie dolls,Jump ropes,Orange,4,Moderate Gift,General Workshop
Michelle,Stuffed animals,Building sets,Blue,1,Complex Gift,General Workshop
Michelle,Teddy bears,Building sets,Red,2,Complex Gift,General Workshop
Michelle,Hula hoops,Teddy bears,Purple,5,Simple Gift,Outside Workshop
Michelle,Toy trucks,Jigsaw puzzles,Black,2,Moderate Gift,General Workshop
Michelle,Building blocks,Action figures,Black,1,Moderate Gift,Learning Workshop
Mikel,Rubiks cubes,Rubiks cubes,Red,1,Complex Gift,Learning Workshop
Milan,Jump ropes,Stuffed animals,Pink,2,Simple Gift,Outside Workshop
Mina,Play-Doh,Toy musical instruments,Orange,5,Simple Gift,Learning Workshop
Mina,Jigsaw puzzles,Building sets,Red,3,Moderate Gift,Learning Workshop
Minerva,Teddy bears,Barbie dolls,Purple,5,Complex Gift,General Workshop
Minnie,Toy trucks,Toy trucks,Purple,5,Moderate Gift,General Workshop
Minnie,Building sets,Dollhouses,Brown,2,Complex Gift,Learning Workshop
Minnie,Action figures,Barbie dolls,Red,5,Complex Gift,General Workshop
Mireille,Building sets,Play-Doh,Yellow,1,Complex Gift,Learning Workshop
Mollie,Rubiks cubes,Building sets,Red,1,Complex Gift,Learning Workshop
Mollie,Building blocks,Yo-yos,White,4,Moderate Gift,Learning Workshop
Monique,Hula hoops,Stuffed animals,Green,2,Simple Gift,Outside Workshop
Monique,Rubiks cubes,Toy trains,Black,2,Complex Gift,Learning Workshop
Monroe,Toy kitchen sets,Building sets,Orange,4,Complex Gift,General Workshop
Muriel,Remote control cars,Play-Doh,Purple,2,Complex Gift,General Workshop
Muriel,Teddy bears,Toy musical instruments,Black,1,Complex Gift,General Workshop
Mya,Board games,Play-Doh,Red,4,Complex Gift,General Workshop
Myles,Toy trucks,Yo-yos,Black,2,Moderate Gift,General Workshop
Myles,Yo-yos,Stuffed animals,Black,2,Simple Gift,General Workshop
Myra,Building sets,Board games,Black,4,Complex Gift,Learning Workshop
Myrna,Building sets,Teddy bears,Black,4,Complex Gift,Learning Workshop
Natalia,Board games,Dollhouses,Yellow,3,Complex Gift,General Workshop
Natalia,Toy trucks,Toy trains,Red,1,Moderate Gift,General Workshop
Nathanial,LEGO blocks,Board games,Green,4,Complex Gift,Learning Workshop
Nathaniel,Building blocks,Dollhouses,Green,1,Moderate Gift,Learning Workshop
Nathaniel,Yo-yos,Stuffed animals,Green,3,Simple Gift,General Workshop
Neil,Toy musical instruments,Toy kitchen sets,Purple,1,Complex Gift,Learning Workshop
Nelda,Yo-yos,Building sets,Red,4,Simple Gift,General Workshop
Neoma,Toy musical instruments,Hula hoops,Red,3,Complex Gift,Learning Workshop
Nick,Barbie dolls,Teddy bears,Green,5,Moderate Gift,General Workshop
Nick,Hula hoops,Rubiks cubes,Pink,3,Simple Gift,Outside Workshop
Nick,Rubiks cubes,Action figures,Brown,2,Complex Gift,Learning Workshop
Nick,Hula hoops,LEGO blocks,Purple,5,Simple Gift,Outside Workshop
Nicole,Stuffed animals,Remote control cars,Brown,1,Complex Gift,General Workshop
Nikita,Barbie dolls,Jump ropes,Green,5,Moderate Gift,General Workshop
Noah,Jump ropes,Rubiks cubes,Yellow,5,Simple Gift,Outside Workshop
Noelia,Building blocks,Teddy bears,Yellow,2,Moderate Gift,Learning Workshop
Noemy,Rubiks cubes,LEGO blocks,Blue,2,Complex Gift,Learning Workshop
Noemy,Toy trucks,Barbie dolls,Green,2,Moderate Gift,General Workshop
Nola,Jigsaw puzzles,Remote control cars,Purple,4,Moderate Gift,Learning Workshop
Nola,Jigsaw puzzles,LEGO blocks,Red,2,Moderate Gift,Learning Workshop
Norberto,Toy kitchen sets,Jump ropes,Green,3,Complex Gift,General Workshop
Norberto,Building sets,Building blocks,Green,1,Complex Gift,Learning Workshop
Novella,Toy trucks,Jigsaw puzzles,Red,4,Moderate Gift,General Workshop
Octavia,Jump ropes,Action figures,Brown,5,Simple Gift,Outside Workshop
Octavia,Remote control cars,Teddy bears,Black,4,Complex Gift,General Workshop
Octavia,Building blocks,Rubiks cubes,Green,2,Moderate Gift,Learning Workshop
Octavia,Hula hoops,Action figures,Purple,2,Simple Gift,Outside Workshop
Octavia,Dollhouses,Toy musical instruments,Brown,4,Complex Gift,General Workshop
Ofelia,LEGO blocks,Remote control cars,Purple,3,Complex Gift,Learning Workshop
Olen,LEGO blocks,Toy trucks,Blue,2,Complex Gift,Learning Workshop
Olen,Building sets,Barbie dolls,Green,5,Complex Gift,Learning Workshop
Olga,Toy kitchen sets,Remote control cars,Red,4,Complex Gift,General Workshop
Olga,LEGO blocks,Remote control cars,Black,2,Complex Gift,Learning Workshop
Olga,Jump ropes,Dollhouses,Green,4,Simple Gift,Outside Workshop
Olga,Hula hoops,Jigsaw puzzles,Pink,2,Simple Gift,Outside Workshop
Ora,Building blocks,Toy trains,Orange,1,Moderate Gift,Learning Workshop
Ora,LEGO blocks,Barbie dolls,Blue,4,Complex Gift,Learning Workshop
Oran,Toy trucks,Board games,Brown,2,Moderate Gift,General Workshop
Oran,Board games,Rubiks cubes,Green,1,Complex Gift,General Workshop
Osborne,Dollhouses,Toy trucks,Orange,4,Complex Gift,General Workshop
Oswaldo,Teddy bears,Rubiks cubes,Purple,4,Complex Gift,General Workshop
Pablo,Rubiks cubes,Building sets,Orange,4,Complex Gift,Learning Workshop
Palma,Yo-yos,Building blocks,Brown,5,Simple Gift,General Workshop
Palma,Teddy bears,Stuffed animals,White,5,Complex Gift,General Workshop
Palma,Stuffed animals,Rubiks cubes,Pink,5,Complex Gift,General Workshop
Pascale,Dollhouses,Hula hoops,Green,4,Complex Gift,General Workshop
Paul,LEGO blocks,Toy musical instruments,Orange,4,Complex Gift,Learning Workshop
Paul,Board games,Play-Doh,Black,3,Complex Gift,General Workshop
Pauline,Stuffed animals,LEGO blocks,Yellow,4,Complex Gift,General Workshop
Pauline,Hula hoops,Rubiks cubes,Orange,2,Simple Gift,Outside Workshop
Pete,Toy trains,Play-Doh,Brown,2,Complex Gift,General Workshop
Pete,Dollhouses,Building sets,White,3,Complex Gift,General Workshop
Pete,Hula hoops,Building sets,Purple,2,Simple Gift,Outside Workshop
Peter,Toy trains,Rubiks cubes,Orange,5,Complex Gift,General Workshop
Quinn,Jump ropes,Dollhouses,Blue,5,Simple Gift,Outside Workshop
Quinn,Jigsaw puzzles,LEGO blocks,Red,3,Moderate Gift,Learning Workshop
Rachelle,Stuffed animals,Toy trucks,Orange,1,Complex Gift,General Workshop
Rahsaan,Toy trucks,Teddy bears,Purple,2,Moderate Gift,General Workshop
Ralph,Board games,Toy musical instruments,Orange,3,Complex Gift,General Workshop
Ralph,Toy trains,Jigsaw puzzles,Orange,2,Complex Gift,General Workshop
Randal,Jump ropes,LEGO blocks,White,4,Simple Gift,Outside Workshop
Rasheed,Toy trucks,Rubiks cubes,Red,1,Moderate Gift,General Workshop
Rasheed,LEGO blocks,Remote control cars,Red,5,Complex Gift,Learning Workshop
Reanna,Toy trains,Rubiks cubes,Yellow,3,Complex Gift,General Workshop
Reanna,Jump ropes,Hula hoops,Red,5,Simple Gift,Outside Workshop
Reanna,Dollhouses,Remote control cars,Orange,1,Complex Gift,General Workshop
Reanna,Play-Doh,Building blocks,Yellow,4,Simple Gift,Learning Workshop
Renee,LEGO blocks,Barbie dolls,Red,2,Complex Gift,Learning Workshop
Renee,Remote control cars,Barbie dolls,Brown,1,Complex Gift,General Workshop
Reyna,Jigsaw puzzles,Dollhouses,Yellow,4,Moderate Gift,Learning Workshop
Richie,Building sets,Building sets,Blue,2,Complex Gift,Learning Workshop
Richie,Building sets,Board games,White,4,Complex Gift,Learning Workshop
Richie,Board games,LEGO blocks,Green,3,Complex Gift,General Workshop
Rick,Toy musical instruments,Jump ropes,Yellow,2,Complex Gift,Learning Workshop
Rigoberto,Play-Doh,Teddy bears,Red,1,Simple Gift,Learning Workshop
Rigoberto,Remote control cars,Remote control cars,White,4,Complex Gift,General Workshop
River,Yo-yos,Action figures,Black,2,Simple Gift,General Workshop
River,Teddy bears,Barbie dolls,Pink,3,Complex Gift,General Workshop
Roberta,Action figures,Jigsaw puzzles,White,1,Complex Gift,General Workshop
Roberta,Jump ropes,Hula hoops,Orange,4,Simple Gift,Outside Workshop
Roberta,Rubiks cubes,Toy trains,Red,3,Complex Gift,Learning Workshop
Roberta,Toy trains,Rubiks cubes,Green,4,Complex Gift,General Workshop
Robin,Stuffed animals,Teddy bears,Yellow,3,Complex Gift,General Workshop
Roel,Yo-yos,LEGO blocks,Orange,1,Simple Gift,General Workshop
Roel,Hula hoops,Play-Doh,Green,2,Simple Gift,Outside Workshop
Roger,Action figures,Hula hoops,Red,2,Complex Gift,General Workshop
Romaine,Rubiks cubes,Toy trains,Brown,2,Complex Gift,Learning Workshop
Romaine,Board games,Barbie dolls,Pink,2,Complex Gift,General Workshop
Ronny,Jigsaw puzzles,Action figures,Yellow,1,Moderate Gift,Learning Workshop
Rosa,Building sets,Toy musical instruments,Brown,5,Complex Gift,Learning Workshop
Rowena,Toy trains,Rubiks cubes,Brown,2,Complex Gift,General Workshop
Roxane,LEGO blocks,Toy trucks,Yellow,1,Complex Gift,Learning Workshop
Royal,Toy trucks,Action figures,Purple,4,Moderate Gift,General Workshop
Royce,Rubiks cubes,Jump ropes,Black,4,Complex Gift,Learning Workshop
Rudolph,Toy trucks,Toy musical instruments,Orange,4,Moderate Gift,General Workshop
Rylee,Toy kitchen sets,Building blocks,Brown,3,Complex Gift,General Workshop
Sadye,Toy kitchen sets,Toy trucks,Blue,4,Complex Gift,General Workshop
Sadye,Hula hoops,Building blocks,Black,3,Simple Gift,Outside Workshop
Sage,Action figures,Jump ropes,White,2,Complex Gift,General Workshop
Sage,Barbie dolls,Rubiks cubes,Blue,4,Moderate Gift,General Workshop
Salvador,Jump ropes,Remote control cars,Brown,4,Simple Gift,Outside Workshop
Salvador,Building blocks,Jigsaw puzzles,Black,5,Moderate Gift,Learning Workshop
Salvatore,Toy kitchen sets,Dollhouses,Blue,3,Complex Gift,General Workshop
Samanta,Toy kitchen sets,Toy trains,Red,1,Complex Gift,General Workshop
Samanta,Jigsaw puzzles,Building sets,Purple,4,Moderate Gift,Learning Workshop
Sanford,Dollhouses,Rubiks cubes,Red,1,Complex Gift,General Workshop
Sanford,Jigsaw puzzles,Jump ropes,Pink,2,Moderate Gift,Learning Workshop
Santa,Action figures,Building blocks,Orange,4,Complex Gift,General Workshop
Savannah,Building blocks,Building blocks,Brown,1,Moderate Gift,Learning Workshop
Scot,Dollhouses,Jump ropes,Orange,5,Complex Gift,General Workshop
Scotty,Jump ropes,Board games,Pink,3,Simple Gift,Outside Workshop
Scotty,Toy trains,Play-Doh,Green,3,Complex Gift,General Workshop
Selmer,Yo-yos,Jigsaw puzzles,Brown,5,Simple Gift,General Workshop
Selmer,Board games,Hula hoops,Pink,3,Complex Gift,General Workshop
Selmer,Building blocks,Toy trucks,Pink,3,Moderate Gift,Learning Workshop
Seth,Play-Doh,Stuffed animals,White,4,Simple Gift,Learning Workshop
Shanel,Stuffed animals,Rubiks cubes,Green,1,Complex Gift,General Workshop
Shanel,Action figures,Rubiks cubes,Black,3,Complex Gift,General Workshop
Shania,Building sets,Action figures,Orange,1,Complex Gift,Learning Workshop
Shania,Stuffed animals,Stuffed animals,Yellow,5,Complex Gift,General Workshop
Shania,Toy trains,Building sets,Black,2,Complex Gift,General Workshop
Shanny,Rubiks cubes,Stuffed animals,Orange,3,Complex Gift,Learning Workshop
Sharon,Stuffed animals,Toy musical instruments,Orange,3,Complex Gift,General Workshop
Shaun,Jigsaw puzzles,Board games,Blue,1,Moderate Gift,Learning Workshop
Sherman,Dollhouses,Stuffed animals,Pink,4,Complex Gift,General Workshop
Sherman,Yo-yos,Board games,Red,3,Simple Gift,General Workshop
Sherman,Toy trucks,Yo-yos,Blue,2,Moderate Gift,General Workshop
Sherwood,Teddy bears,Stuffed animals,Black,3,Complex Gift,General Workshop
Sherwood,Remote control cars,Hula hoops,Green,1,Complex Gift,General Workshop
Sienna,Action figures,Hula hoops,Yellow,4,Complex Gift,General Workshop
Sienna,Stuffed animals,Jigsaw puzzles,Yellow,3,Complex Gift,General Workshop
Sigrid,Action figures,Building sets,Black,1,Complex Gift,General Workshop
Sigrid,Building blocks,Toy kitchen sets,White,4,Moderate Gift,Learning Workshop
Sigrid,Jump ropes,Building blocks,White,5,Simple Gift,Outside Workshop
Sigurd,Remote control cars,Jigsaw puzzles,Yellow,3,Complex Gift,General Workshop
Sim,Toy musical instruments,Teddy bears,Purple,1,Complex Gift,Learning Workshop
Sim,Jigsaw puzzles,Toy kitchen sets,Green,4,Moderate Gift,Learning Workshop
Skye,Jump ropes,Hula hoops,White,3,Simple Gift,Outside Workshop
Stanford,Building sets,Toy musical instruments,Pink,4,Complex Gift,Learning Workshop
Stanford,Action figures,Remote control cars,White,5,Complex Gift,General Workshop
Stefan,LEGO blocks,Building blocks,Orange,5,Complex Gift,Learning Workshop
Stephania,Action figures,Toy trucks,Red,4,Complex Gift,General Workshop
Stephania,Teddy bears,Building blocks,Green,2,Complex Gift,General Workshop
Stephania,LEGO blocks,LEGO blocks,Black,3,Complex Gift,Learning Workshop
Steve,Teddy bears,Building sets,Yellow,5,Complex Gift,General Workshop
Susana,Building sets,Toy trucks,Purple,3,Complex Gift,Learning Workshop
Susana,Rubiks cubes,Toy trains,Blue,4,Complex Gift,Learning Workshop
Syble,Toy trains,Barbie dolls,Pink,1,Complex Gift,General Workshop
Sylvia,LEGO blocks,Toy trains,Red,2,Complex Gift,Learning Workshop
Tabitha,Teddy bears,Barbie dolls,White,3,Complex Gift,General Workshop
Tamia,Barbie dolls,Jump ropes,Green,1,Moderate Gift,General Workshop
Tania,Action figures,Play-Doh,Blue,3,Complex Gift,General Workshop
Tania,Toy musical instruments,Stuffed animals,White,1,Complex Gift,Learning Workshop
Tara,Action figures,Jump ropes,Yellow,3,Complex Gift,General Workshop
Taya,Toy musical instruments,Jigsaw puzzles,Orange,5,Complex Gift,Learning Workshop
Terrance,Building sets,Toy musical instruments,Pink,4,Complex Gift,Learning Workshop
Terrance,Jigsaw puzzles,Dollhouses,Red,5,Moderate Gift,Learning Workshop
Thea,Barbie dolls,Board games,Green,3,Moderate Gift,General Workshop
Thea,Hula hoops,Dollhouses,Yellow,2,Simple Gift,Outside Workshop
Thea,Yo-yos,Play-Doh,Brown,1,Simple Gift,General Workshop
Thea,Toy musical instruments,Action figures,Blue,2,Complex Gift,Learning Workshop
Tia,Board games,Toy musical instruments,Orange,3,Complex Gift,General Workshop
Timmy,Building blocks,Toy musical instruments,Orange,2,Moderate Gift,Learning Workshop
Tom,Action figures,Toy trains,Blue,3,Complex Gift,General Workshop
Tom,Jump ropes,Action figures,Orange,2,Simple Gift,Outside Workshop
Tom,Hula hoops,Jump ropes,Orange,2,Simple Gift,Outside Workshop
Toney,LEGO blocks,Play-Doh,Pink,1,Complex Gift,Learning Workshop
Toney,Building sets,Jump ropes,Purple,2,Complex Gift,Learning Workshop
Torrey,Remote control cars,Hula hoops,Brown,4,Complex Gift,General Workshop
Torrey,Play-Doh,Toy musical instruments,Pink,1,Simple Gift,Learning Workshop
Torrey,Yo-yos,Play-Doh,White,3,Simple Gift,General Workshop
Torrey,Play-Doh,Jigsaw puzzles,Yellow,5,Simple Gift,Learning Workshop
Trace,Play-Doh,Stuffed animals,Black,3,Simple Gift,Learning Workshop
Trenton,Jump ropes,Rubiks cubes,Yellow,5,Simple Gift,Outside Workshop
Tressa,Building sets,Toy musical instruments,Green,2,Complex Gift,Learning Workshop
Tressie,LEGO blocks,Jump ropes,Black,1,Complex Gift,Learning Workshop
Treva,LEGO blocks,Action figures,Blue,3,Complex Gift,Learning Workshop
Trystan,Building sets,Jump ropes,Blue,5,Complex Gift,Learning Workshop
Twila,Barbie dolls,Toy trains,White,1,Moderate Gift,General Workshop
Tyra,Yo-yos,Barbie dolls,Pink,4,Simple Gift,General Workshop
Tyreek,Action figures,Jigsaw puzzles,White,2,Complex Gift,General Workshop
Tyrese,Barbie dolls,Dollhouses,Orange,1,Moderate Gift,General Workshop
Tyrese,Dollhouses,Rubiks cubes,Brown,5,Complex Gift,General Workshop
Tyrique,Rubiks cubes,Toy musical instruments,Red,4,Complex Gift,Learning Workshop
Tyrique,Toy trains,Toy trucks,Blue,4,Complex Gift,General Workshop
Unique,Toy kitchen sets,Dollhouses,White,3,Complex Gift,General Workshop
Unique,Toy trains,Rubiks cubes,White,3,Complex Gift,General Workshop
Unique,Jigsaw puzzles,Jump ropes,Green,1,Moderate Gift,Learning Workshop
Valentin,Yo-yos,Remote control cars,Blue,1,Simple Gift,General Workshop
Valentin,Rubiks cubes,LEGO blocks,Blue,4,Complex Gift,Learning Workshop
Valentine,Toy trucks,Rubiks cubes,Yellow,4,Moderate Gift,General Workshop
Valerie,Stuffed animals,Hula hoops,Blue,2,Complex Gift,General Workshop
Valerie,Building blocks,LEGO blocks,White,2,Moderate Gift,Learning Workshop
Vallie,Jump ropes,Stuffed animals,Orange,1,Simple Gift,Outside Workshop
Vallie,Toy musical instruments,Jigsaw puzzles,Blue,3,Complex Gift,Learning Workshop
Vallie,Teddy bears,Jump ropes,Orange,3,Complex Gift,General Workshop
Vaughn,Remote control cars,Dollhouses,Yellow,2,Complex Gift,General Workshop
Veda,Jump ropes,Toy trucks,Green,1,Simple Gift,Outside Workshop
Vella,Yo-yos,Board games,White,4,Simple Gift,General Workshop
Vena,Jigsaw puzzles,Building blocks,Blue,1,Moderate Gift,Learning Workshop
Verlie,Toy trains,Board games,Yellow,4,Complex Gift,General Workshop
Verlie,Board games,LEGO blocks,Brown,5,Complex Gift,General Workshop
Vern,Hula hoops,Building sets,Brown,2,Simple Gift,Outside Workshop
Vern,Toy trucks,Barbie dolls,Pink,5,Moderate Gift,General Workshop
Vernice,Teddy bears,Toy kitchen sets,Green,3,Complex Gift,General Workshop
Vernon,Play-Doh,LEGO blocks,Green,2,Simple Gift,Learning Workshop
Vesta,Dollhouses,Remote control cars,White,4,Complex Gift,General Workshop
Vicenta,Toy trucks,Play-Doh,White,3,Moderate Gift,General Workshop
Vincenzo,Yo-yos,Building blocks,White,1,Simple Gift,General Workshop
Vincenzo,Remote control cars,LEGO blocks,Yellow,4,Complex Gift,General Workshop
Vincenzo,Building blocks,Action figures,Red,3,Moderate Gift,Learning Workshop
Vita,Dollhouses,Rubiks cubes,Yellow,5,Complex Gift,General Workshop
Viviane,Teddy bears,Toy kitchen sets,Yellow,4,Complex Gift,General Workshop
Viviane,Remote control cars,Toy musical instruments,Purple,5,Complex Gift,General Workshop
Vivienne,Yo-yos,Stuffed animals,Purple,1,Simple Gift,General Workshop
Vivienne,Remote control cars,Board games,Black,5,Complex Gift,General Workshop
Watson,Toy trains,Play-Doh,Orange,2,Complex Gift,General Workshop
Wayne,Jump ropes,Teddy bears,Blue,3,Simple Gift,Outside Workshop
Wayne,Toy trucks,Action figures,Purple,4,Moderate Gift,General Workshop
Webster,Toy trucks,Toy kitchen sets,Yellow,4,Moderate Gift,General Workshop
Wendell,Action figures,Board games,Red,3,Complex Gift,General Workshop
Wendy,Teddy bears,Jigsaw puzzles,Pink,4,Complex Gift,General Workshop
Wendy,LEGO blocks,Toy trains,Brown,5,Complex Gift,Learning Workshop
Wendy,Toy trucks,Toy kitchen sets,Purple,5,Moderate Gift,General Workshop
Wilburn,Building sets,Toy musical instruments,Blue,1,Complex Gift,Learning Workshop
Wilburn,Rubiks cubes,Hula hoops,Red,2,Complex Gift,Learning Workshop
Willa,Toy trucks,Toy trucks,Pink,3,Moderate Gift,General Workshop
Willow,Play-Doh,Board games,Brown,2,Simple Gift,Learning Workshop
Wilson,Toy kitchen sets,Hula hoops,Blue,3,Complex Gift,General Workshop
Wilson,Play-Doh,Toy trains,White,2,Simple Gift,Learning Workshop
Winnifred,Building sets,Rubiks cubes,Red,2,Complex Gift,Learning Workshop
Yazmin,Building sets,Remote control cars,Red,2,Complex Gift,Learning Workshop
Yoshiko,Jigsaw puzzles,Building sets,Pink,3,Moderate Gift,Learning Workshop
Yoshiko,Toy musical instruments,Building sets,White,3,Complex Gift,Learning Workshop
Yoshiko,Stuffed animals,Toy trucks,Green,4,Complex Gift,General Workshop
Yvette,Toy trains,Jigsaw puzzles,Yellow,4,Complex Gift,General Workshop
Zakary,Action figures,Jigsaw puzzles,White,4,Complex Gift,General Workshop
Zakary,Barbie dolls,Toy kitchen sets,Orange,5,Moderate Gift,General Workshop
Zion,Yo-yos,Barbie dolls,Red,3,Simple Gift,General Workshop
Zita,Toy musical instruments,Building sets,Purple,1,Complex Gift,Learning Workshop
Zola,Building blocks,Building sets,Red,1,Moderate Gift,Learning Workshop
Zola,Toy trucks,Action figures,White,4,Moderate Gift,General Workshop
